filename,width,height,class,xmin,ymin,xmax,ymax
819.jpeg,300,300,pothole,193,233,279,272
819.jpeg,300,300,pothole,188,131,244,152
538.jpeg,300,300,pothole,83,53,266,224
373.jpeg,300,300,pothole,69,74,139,127
373.jpeg,300,300,pothole,110,159,239,264
67.jpeg,300,300,pothole,64,124,300,300
370.jpeg,300,300,pothole,142,215,249,280
599.jpeg,300,300,pothole,109,127,298,218
599.jpeg,300,300,pothole,6,116,63,156
90.jpeg,300,300,pothole,84,187,250,249
126.jpeg,300,300,pothole,49,125,271,262
773.jpeg,300,300,pothole,38,44,180,203
390.jpeg,300,300,pothole,19,146,298,181
390.jpeg,300,300,pothole,110,126,195,144
289.jpeg,300,300,pothole,61,29,261,300
675.jpeg,300,300,pothole,100,89,209,197
675.jpeg,300,300,pothole,42,6,130,92
743.jpeg,300,300,pothole,134,220,208,300
743.jpeg,300,300,pothole,171,102,208,145
743.jpeg,300,300,pothole,191,150,230,184
743.jpeg,300,300,pothole,121,142,160,193
743.jpeg,300,300,pothole,146,78,184,99
530.jpeg,300,300,pothole,170,156,196,178
530.jpeg,300,300,pothole,211,167,262,197
530.jpeg,300,300,pothole,106,188,166,220
656.jpeg,300,300,pothole,1,92,282,231
439.jpeg,300,300,pothole,76,37,276,279
460.jpeg,300,300,pothole,83,180,209,250
385.jpeg,300,300,pothole,7,139,300,248
771.jpeg,300,300,pothole,26,133,217,300
344.jpeg,300,300,pothole,70,178,172,213
344.jpeg,300,300,pothole,126,150,170,169
344.jpeg,300,300,pothole,104,109,145,127
344.jpeg,300,300,pothole,13,103,55,120
344.jpeg,300,300,pothole,15,139,68,166
7.jpeg,300,300,pothole,43,208,88,236
7.jpeg,300,300,pothole,74,239,267,300
7.jpeg,300,300,pothole,158,225,197,248
7.jpeg,300,300,pothole,99,76,300,150
7.jpeg,300,300,pothole,119,149,196,171
622.jpeg,300,300,pothole,33,180,214,242
622.jpeg,300,300,pothole,169,133,288,173
200.jpeg,300,300,pothole,110,125,190,166
200.jpeg,300,300,pothole,94,197,131,226
200.jpeg,300,300,pothole,137,184,235,296
527.jpeg,300,300,pothole,45,127,154,195
527.jpeg,300,300,pothole,34,206,161,300
527.jpeg,300,300,pothole,193,145,298,199
446.jpeg,300,300,pothole,66,159,219,296
425.jpeg,300,300,pothole,6,88,239,245
601.jpeg,300,300,pothole,111,125,232,243
271.jpeg,300,300,pothole,148,237,299,300
449.jpeg,300,300,pothole,20,66,292,300
821.jpeg,300,300,pothole,171,121,191,132
821.jpeg,300,300,pothole,140,122,157,152
821.jpeg,300,300,pothole,89,145,127,179
821.jpeg,300,300,pothole,69,188,111,216
821.jpeg,300,300,pothole,42,225,96,269
821.jpeg,300,300,pothole,103,236,132,262
649.jpeg,300,300,pothole,80,205,184,273
61.jpeg,300,300,pothole,57,114,176,241
808.jpeg,300,300,pothole,91,158,284,262
808.jpeg,300,300,pothole,192,45,232,87
808.jpeg,300,300,pothole,170,114,215,137
630.jpeg,300,300,pothole,1,126,300,297
157.jpeg,300,300,pothole,4,134,180,252
157.jpeg,300,300,pothole,215,132,300,186
157.jpeg,300,300,pothole,236,225,299,300
64.jpeg,300,300,pothole,83,217,168,277
64.jpeg,300,300,pothole,147,149,215,205
64.jpeg,300,300,pothole,206,136,231,149
64.jpeg,300,300,pothole,243,102,275,120
779.jpeg,300,300,pothole,167,136,197,158
779.jpeg,300,300,pothole,233,249,298,283
779.jpeg,300,300,pothole,63,199,209,290
720.jpeg,300,300,pothole,162,245,208,277
720.jpeg,300,300,pothole,152,188,211,217
720.jpeg,300,300,pothole,176,150,216,175
720.jpeg,300,300,pothole,81,142,125,155
720.jpeg,300,300,pothole,75,168,114,190
720.jpeg,300,300,pothole,43,185,66,202
720.jpeg,300,300,pothole,110,124,139,136
720.jpeg,300,300,pothole,66,276,125,300
720.jpeg,300,300,pothole,239,201,292,225
720.jpeg,300,300,pothole,221,178,260,202
720.jpeg,300,300,pothole,189,127,228,140
683.jpeg,300,300,pothole,148,127,238,162
737.jpeg,300,300,pothole,93,103,226,284
160.jpeg,300,300,pothole,134,124,272,204
428.jpeg,300,300,pothole,44,159,164,192
428.jpeg,300,300,pothole,28,180,261,269
426.jpeg,300,300,pothole,92,149,219,257
426.jpeg,300,300,pothole,34,84,145,183
195.jpeg,300,300,pothole,47,56,247,244
351.jpeg,300,300,pothole,136,107,173,130
352.jpeg,300,300,pothole,148,96,206,127
118.jpeg,300,300,pothole,98,180,222,254
693.jpeg,300,300,pothole,222,165,267,193
693.jpeg,300,300,pothole,219,210,256,232
693.jpeg,300,300,pothole,251,133,291,161
693.jpeg,300,300,pothole,184,108,225,136
693.jpeg,300,300,pothole,245,83,299,124
693.jpeg,300,300,pothole,149,17,185,45
693.jpeg,300,300,pothole,93,53,127,79
693.jpeg,300,300,pothole,1,34,41,60
693.jpeg,300,300,pothole,58,112,85,135
693.jpeg,300,300,pothole,102,140,133,164
693.jpeg,300,300,pothole,75,160,113,182
693.jpeg,300,300,pothole,98,228,125,248
693.jpeg,300,300,pothole,18,225,43,246
693.jpeg,300,300,pothole,177,152,204,170
129.jpeg,300,300,pothole,102,120,178,148
129.jpeg,300,300,pothole,182,83,230,103
129.jpeg,300,300,pothole,35,213,130,295
164.jpeg,300,300,pothole,42,181,300,253
598.jpeg,300,300,pothole,109,212,227,295
598.jpeg,300,300,pothole,214,199,240,219
598.jpeg,300,300,pothole,135,148,182,177
598.jpeg,300,300,pothole,194,126,252,155
598.jpeg,300,300,pothole,150,98,223,117
598.jpeg,300,300,pothole,8,146,75,237
194.jpeg,300,300,pothole,37,166,92,232
194.jpeg,300,300,pothole,144,154,200,196
194.jpeg,300,300,pothole,50,111,82,127
194.jpeg,300,300,pothole,147,106,181,118
194.jpeg,300,300,pothole,111,115,145,130
194.jpeg,300,300,pothole,269,128,297,151
120.jpeg,300,300,pothole,2,147,30,159
120.jpeg,300,300,pothole,4,171,52,205
120.jpeg,300,300,pothole,84,147,122,186
120.jpeg,300,300,pothole,71,194,107,231
120.jpeg,300,300,pothole,149,161,201,205
120.jpeg,300,300,pothole,207,154,300,220
291.jpeg,300,300,pothole,41,144,248,273
291.jpeg,300,300,pothole,141,127,240,162
474.jpeg,300,300,pothole,175,80,278,188
474.jpeg,300,300,pothole,23,114,127,207
35.jpeg,300,300,pothole,54,144,177,283
35.jpeg,300,300,pothole,176,92,275,190
35.jpeg,300,300,pothole,84,34,184,107
35.jpeg,300,300,pothole,258,36,300,73
35.jpeg,300,300,pothole,125,7,162,23
35.jpeg,300,300,pothole,148,30,187,57
405.jpeg,300,300,pothole,57,199,267,296
405.jpeg,300,300,pothole,93,145,208,191
405.jpeg,300,300,pothole,53,110,145,128
405.jpeg,300,300,pothole,118,74,154,87
377.jpeg,300,300,pothole,228,37,290,124
377.jpeg,300,300,pothole,74,179,105,222
377.jpeg,300,300,pothole,61,137,85,171
377.jpeg,300,300,pothole,176,248,210,297
377.jpeg,300,300,pothole,270,189,292,211
377.jpeg,300,300,pothole,39,182,58,205
377.jpeg,300,300,pothole,72,107,98,132
377.jpeg,300,300,pothole,40,98,58,120
377.jpeg,300,300,pothole,93,35,129,70
377.jpeg,300,300,pothole,142,33,170,65
377.jpeg,300,300,pothole,182,47,210,71
377.jpeg,300,300,pothole,18,86,38,104
377.jpeg,300,300,pothole,67,284,89,300
377.jpeg,300,300,pothole,112,231,135,256
809.jpeg,300,300,pothole,71,113,300,298
282.jpeg,300,300,pothole,64,204,293,300
416.jpeg,300,300,pothole,79,175,181,269
255.jpeg,300,300,pothole,17,195,289,272
438.jpeg,300,300,pothole,94,147,216,225
661.jpeg,300,300,pothole,65,174,204,269
661.jpeg,300,300,pothole,6,157,71,189
455.jpeg,300,300,pothole,81,231,271,300
455.jpeg,300,300,pothole,129,140,177,174
616.jpeg,300,300,pothole,10,207,144,246
616.jpeg,300,300,pothole,4,252,164,296
469.jpeg,300,300,pothole,1,31,299,237
431.jpeg,300,300,pothole,42,84,254,208
21.jpeg,300,300,pothole,10,2,285,299
210.jpeg,300,300,pothole,136,150,250,259
81.jpeg,300,300,pothole,62,57,276,300
547.jpeg,300,300,pothole,162,169,238,206
547.jpeg,300,300,pothole,182,135,277,178
29.jpeg,300,300,pothole,197,93,228,123
582.jpeg,300,300,pothole,42,125,266,255
452.jpeg,300,300,pothole,1,129,35,147
452.jpeg,300,300,pothole,104,127,119,138
452.jpeg,300,300,pothole,188,87,214,101
452.jpeg,300,300,pothole,98,182,147,215
452.jpeg,300,300,pothole,136,165,160,181
452.jpeg,300,300,pothole,174,184,232,211
452.jpeg,300,300,pothole,177,230,242,288
452.jpeg,300,300,pothole,162,70,185,84
591.jpeg,300,300,pothole,110,199,163,233
591.jpeg,300,300,pothole,2,206,68,272
591.jpeg,300,300,pothole,59,263,151,300
591.jpeg,300,300,pothole,144,171,181,200
288.jpeg,300,300,pothole,65,159,197,247
288.jpeg,300,300,pothole,197,195,283,300
288.jpeg,300,300,pothole,28,276,145,300
793.jpeg,300,300,pothole,128,129,279,203
292.jpeg,300,300,pothole,66,133,176,269
669.jpeg,300,300,pothole,120,120,268,258
251.jpeg,300,300,pothole,101,198,237,275
365.jpeg,300,300,pothole,2,134,180,244
365.jpeg,300,300,pothole,220,132,300,187
365.jpeg,300,300,pothole,226,222,300,299
8.jpeg,300,300,pothole,84,73,202,193
489.jpeg,300,300,pothole,98,100,252,275
815.jpeg,300,300,pothole,109,156,238,193
321.jpeg,300,300,pothole,90,197,291,293
168.jpeg,300,300,pothole,84,102,200,245
298.jpeg,300,300,pothole,166,97,226,138
298.jpeg,300,300,pothole,128,128,153,162
298.jpeg,300,300,pothole,112,175,136,197
298.jpeg,300,300,pothole,47,198,75,235
298.jpeg,300,300,pothole,115,222,137,259
298.jpeg,300,300,pothole,200,213,249,300
298.jpeg,300,300,pothole,240,193,292,225
185.jpeg,300,300,pothole,85,85,270,298
363.jpeg,300,300,pothole,61,206,183,300
84.jpeg,300,300,pothole,81,115,247,261
546.jpeg,300,300,pothole,66,71,264,235
392.jpeg,300,300,pothole,112,182,201,230
392.jpeg,300,300,pothole,27,215,57,230
600.jpeg,300,300,pothole,124,237,166,267
600.jpeg,300,300,pothole,209,168,242,191
607.jpeg,300,300,pothole,200,69,252,88
607.jpeg,300,300,pothole,106,243,201,300
673.jpeg,300,300,pothole,161,244,205,279
673.jpeg,300,300,pothole,155,188,210,220
673.jpeg,300,300,pothole,177,153,215,175
673.jpeg,300,300,pothole,84,137,123,155
673.jpeg,300,300,pothole,73,167,115,193
673.jpeg,300,300,pothole,42,186,70,199
673.jpeg,300,300,pothole,66,274,120,300
673.jpeg,300,300,pothole,222,176,255,201
673.jpeg,300,300,pothole,241,200,291,226
673.jpeg,300,300,pothole,187,124,230,142
218.jpeg,300,300,pothole,164,105,207,151
218.jpeg,300,300,pothole,218,121,255,145
218.jpeg,300,300,pothole,221,160,300,205
218.jpeg,300,300,pothole,180,205,254,270
218.jpeg,300,300,pothole,113,102,141,127
218.jpeg,300,300,pothole,181,82,230,104
218.jpeg,300,300,pothole,161,178,181,194
218.jpeg,300,300,pothole,145,150,159,162
679.jpeg,300,300,pothole,16,214,139,283
679.jpeg,300,300,pothole,168,220,293,300
124.jpeg,300,300,pothole,67,123,300,296
56.jpeg,300,300,pothole,110,131,203,222
752.jpeg,300,300,pothole,1,94,180,227
245.jpeg,300,300,pothole,68,171,288,198
245.jpeg,300,300,pothole,3,140,123,165
89.jpeg,300,300,pothole,23,116,82,171
89.jpeg,300,300,pothole,94,111,146,149
89.jpeg,300,300,pothole,147,137,166,147
89.jpeg,300,300,pothole,229,174,261,198
89.jpeg,300,300,pothole,198,217,236,249
89.jpeg,300,300,pothole,78,170,181,257
155.jpeg,300,300,pothole,7,50,299,240
304.jpeg,300,300,pothole,1,127,274,300
212.jpeg,300,300,pothole,75,31,240,246
44.jpeg,300,300,pothole,9,136,293,300
253.jpeg,300,300,pothole,213,142,300,245
253.jpeg,300,300,pothole,175,192,203,224
253.jpeg,300,300,pothole,172,170,197,184
253.jpeg,300,300,pothole,191,104,247,120
397.jpeg,300,300,pothole,136,130,177,144
397.jpeg,300,300,pothole,15,166,39,178
397.jpeg,300,300,pothole,113,168,137,181
397.jpeg,300,300,pothole,147,161,170,169
397.jpeg,300,300,pothole,100,140,132,154
236.jpeg,300,300,pothole,73,104,222,253
611.jpeg,300,300,pothole,15,34,97,63
611.jpeg,300,300,pothole,44,67,101,98
611.jpeg,300,300,pothole,38,107,84,128
611.jpeg,300,300,pothole,113,50,187,97
611.jpeg,300,300,pothole,72,120,162,168
611.jpeg,300,300,pothole,28,163,90,249
611.jpeg,300,300,pothole,127,187,284,300
499.jpeg,300,300,pothole,37,180,278,284
131.jpeg,300,300,pothole,80,136,175,192
813.jpeg,300,300,pothole,118,189,245,286
813.jpeg,300,300,pothole,141,136,170,154
699.jpeg,300,300,pothole,52,193,269,285
699.jpeg,300,300,pothole,83,145,208,187
699.jpeg,300,300,pothole,56,110,148,130
699.jpeg,300,300,pothole,118,77,157,88
480.jpeg,300,300,pothole,163,104,211,151
480.jpeg,300,300,pothole,176,203,254,266
480.jpeg,300,300,pothole,220,158,300,206
480.jpeg,300,300,pothole,218,123,257,149
480.jpeg,300,300,pothole,180,84,237,107
480.jpeg,300,300,pothole,116,99,143,129
480.jpeg,300,300,pothole,144,147,157,166
480.jpeg,300,300,pothole,160,177,179,198
249.jpeg,300,300,pothole,105,196,231,278
147.jpeg,300,300,pothole,178,197,245,268
91.jpeg,300,300,pothole,11,149,68,236
91.jpeg,300,300,pothole,109,212,231,299
91.jpeg,300,300,pothole,139,153,177,176
91.jpeg,300,300,pothole,217,196,241,219
91.jpeg,300,300,pothole,195,123,250,158
91.jpeg,300,300,pothole,148,96,226,117
91.jpeg,300,300,pothole,88,92,143,103
115.jpeg,300,300,pothole,96,181,149,224
115.jpeg,300,300,pothole,99,130,131,163
115.jpeg,300,300,pothole,169,140,198,158
115.jpeg,300,300,pothole,169,191,222,239
544.jpeg,300,300,pothole,178,184,286,230
544.jpeg,300,300,pothole,210,146,289,171
544.jpeg,300,300,pothole,165,148,205,165
544.jpeg,300,300,pothole,176,128,232,136
275.jpeg,300,300,pothole,61,65,245,217
173.jpeg,300,300,pothole,52,176,99,201
173.jpeg,300,300,pothole,63,200,249,243
296.jpeg,300,300,pothole,41,158,274,300
463.jpeg,300,300,pothole,149,159,265,293
463.jpeg,300,300,pothole,8,140,117,232
146.jpeg,300,300,pothole,57,73,258,208
42.jpeg,300,300,pothole,62,124,221,234
42.jpeg,300,300,pothole,186,2,248,31
485.jpeg,300,300,pothole,81,183,205,299
711.jpeg,300,300,pothole,60,4,179,299
647.jpeg,300,300,pothole,155,178,254,228
647.jpeg,300,300,pothole,30,44,60,52
822.jpeg,300,300,pothole,25,69,279,188
414.jpeg,300,300,pothole,120,148,170,178
414.jpeg,300,300,pothole,88,212,191,300
414.jpeg,300,300,pothole,130,124,161,133
533.jpeg,300,300,pothole,30,149,156,192
533.jpeg,300,300,pothole,137,106,236,151
533.jpeg,300,300,pothole,209,79,266,110
533.jpeg,300,300,pothole,2,227,77,300
533.jpeg,300,300,pothole,1,191,22,227
555.jpeg,300,300,pothole,36,109,274,243
690.jpeg,300,300,pothole,54,193,269,259
623.jpeg,300,300,pothole,13,112,286,179
590.jpeg,300,300,pothole,87,136,207,232
141.jpeg,300,300,pothole,77,145,211,231
96.jpeg,300,300,pothole,17,142,283,300
134.jpeg,300,300,pothole,105,84,154,100
811.jpeg,300,300,pothole,6,40,273,299
190.jpeg,300,300,pothole,19,98,286,182
464.jpeg,300,300,pothole,86,162,237,284
464.jpeg,300,300,pothole,113,87,147,107
464.jpeg,300,300,pothole,152,116,191,134
634.jpeg,300,300,pothole,89,190,196,233
634.jpeg,300,300,pothole,106,255,285,300
273.jpeg,300,300,pothole,88,233,258,299
273.jpeg,300,300,pothole,101,167,166,187
484.jpeg,300,300,pothole,57,126,200,174
484.jpeg,300,300,pothole,82,192,246,290
470.jpeg,300,300,pothole,126,165,207,248
68.jpeg,300,300,pothole,1,71,235,300
334.jpeg,300,300,pothole,96,132,174,206
415.jpeg,300,300,pothole,82,114,121,166
415.jpeg,300,300,pothole,141,136,184,186
415.jpeg,300,300,pothole,91,172,138,212
415.jpeg,300,300,pothole,184,134,220,164
415.jpeg,300,300,pothole,200,167,226,209
362.jpeg,300,300,pothole,90,160,223,281
383.jpeg,300,300,pothole,163,139,219,162
383.jpeg,300,300,pothole,15,143,71,181
383.jpeg,300,300,pothole,1,136,160,247
383.jpeg,300,300,pothole,195,180,226,196
383.jpeg,300,300,pothole,119,181,145,198
169.jpeg,300,300,pothole,140,100,278,268
749.jpeg,300,300,pothole,101,136,203,236
749.jpeg,300,300,pothole,184,80,294,135
749.jpeg,300,300,pothole,8,46,99,85
666.jpeg,300,300,pothole,1,107,299,300
122.jpeg,300,300,pothole,73,145,216,239
361.jpeg,300,300,pothole,92,184,260,300
361.jpeg,300,300,pothole,253,166,291,191
361.jpeg,300,300,pothole,265,238,300,274
361.jpeg,300,300,pothole,241,107,293,126
254.jpeg,300,300,pothole,90,238,213,290
825.jpeg,300,300,pothole,106,161,234,204
108.jpeg,300,300,pothole,144,123,270,165
108.jpeg,300,300,pothole,55,153,138,182
108.jpeg,300,300,pothole,128,182,164,211
108.jpeg,300,300,pothole,167,161,208,193
108.jpeg,300,300,pothole,222,202,278,232
108.jpeg,300,300,pothole,82,226,118,300
562.jpeg,300,300,pothole,73,127,190,206
738.jpeg,300,300,pothole,144,140,193,196
704.jpeg,300,300,pothole,79,91,257,168
704.jpeg,300,300,pothole,67,198,104,266
687.jpeg,300,300,pothole,2,112,257,194
651.jpeg,300,300,pothole,86,162,193,271
651.jpeg,300,300,pothole,136,70,163,91
526.jpeg,300,300,pothole,1,81,149,137
526.jpeg,300,300,pothole,156,105,275,179
605.jpeg,300,300,pothole,38,139,174,264
85.jpeg,300,300,pothole,1,95,297,226
413.jpeg,300,300,pothole,111,136,171,212
413.jpeg,300,300,pothole,132,90,152,105
708.jpeg,300,300,pothole,37,260,241,278
708.jpeg,300,300,pothole,51,239,230,256
708.jpeg,300,300,pothole,133,214,236,233
500.jpeg,300,300,pothole,187,163,222,201
500.jpeg,300,300,pothole,117,240,141,262
500.jpeg,300,300,pothole,54,215,85,245
500.jpeg,300,300,pothole,37,237,53,254
500.jpeg,300,300,pothole,70,90,92,125
500.jpeg,300,300,pothole,123,75,141,100
500.jpeg,300,300,pothole,130,33,152,61
500.jpeg,300,300,pothole,174,55,193,73
500.jpeg,300,300,pothole,193,128,227,152
792.jpeg,300,300,pothole,62,2,203,293
620.jpeg,300,300,pothole,101,58,237,148
259.jpeg,300,300,pothole,93,128,230,300
204.jpeg,300,300,pothole,61,187,235,300
427.jpeg,300,300,pothole,2,90,300,233
265.jpeg,300,300,pothole,233,250,294,300
265.jpeg,300,300,pothole,159,207,203,249
265.jpeg,300,300,pothole,95,155,132,183
265.jpeg,300,300,pothole,73,196,120,300
265.jpeg,300,300,pothole,134,177,157,191
265.jpeg,300,300,pothole,149,139,181,173
265.jpeg,300,300,pothole,199,153,230,175
265.jpeg,300,300,pothole,227,192,254,221
265.jpeg,300,300,pothole,137,118,158,128
778.jpeg,300,300,pothole,12,84,40,100
778.jpeg,300,300,pothole,40,93,71,113
778.jpeg,300,300,pothole,47,121,115,172
778.jpeg,300,300,pothole,122,157,198,214
778.jpeg,300,300,pothole,85,217,136,282
778.jpeg,300,300,pothole,61,67,136,89
778.jpeg,300,300,pothole,116,118,144,144
778.jpeg,300,300,pothole,219,97,249,113
513.jpeg,300,300,pothole,64,110,220,202
127.jpeg,300,300,pothole,29,140,97,183
127.jpeg,300,300,pothole,102,159,249,239
171.jpeg,300,300,pothole,9,161,300,261
615.jpeg,300,300,pothole,75,98,281,300
461.jpeg,300,300,pothole,92,188,211,300
780.jpeg,300,300,pothole,63,124,236,300
43.jpeg,300,300,pothole,1,162,167,253
43.jpeg,300,300,pothole,213,222,280,258
43.jpeg,300,300,pothole,165,253,219,281
43.jpeg,300,300,pothole,118,276,176,299
43.jpeg,300,300,pothole,268,200,300,224
784.jpeg,300,300,pothole,64,110,236,212
564.jpeg,300,300,pothole,9,163,262,300
564.jpeg,300,300,pothole,108,63,209,94
564.jpeg,300,300,pothole,73,43,115,58
564.jpeg,300,300,pothole,181,40,222,57
274.jpeg,300,300,pothole,185,204,272,286
274.jpeg,300,300,pothole,156,132,197,159
274.jpeg,300,300,pothole,132,103,172,124
274.jpeg,300,300,pothole,45,200,86,222
685.jpeg,300,300,pothole,131,204,189,246
174.jpeg,300,300,pothole,59,155,226,288
186.jpeg,300,300,pothole,39,148,244,300
186.jpeg,300,300,pothole,220,79,278,92
754.jpeg,300,300,pothole,85,109,269,199
3.jpeg,300,300,pothole,37,123,188,227
393.jpeg,300,300,pothole,140,28,279,204
235.jpeg,300,300,pothole,115,184,200,215
235.jpeg,300,300,pothole,197,156,235,180
235.jpeg,300,300,pothole,143,139,168,156
235.jpeg,300,300,pothole,120,268,181,300
235.jpeg,300,300,pothole,194,270,230,300
235.jpeg,300,300,pothole,157,217,240,258
235.jpeg,300,300,pothole,19,155,67,175
235.jpeg,300,300,pothole,2,220,134,300
235.jpeg,300,300,pothole,130,90,167,104
87.jpeg,300,300,pothole,132,179,245,297
395.jpeg,300,300,pothole,52,78,219,268
76.jpeg,300,300,pothole,142,215,204,300
76.jpeg,300,300,pothole,173,101,204,145
76.jpeg,300,300,pothole,191,151,236,186
658.jpeg,300,300,pothole,80,110,177,158
360.jpeg,300,300,pothole,144,140,190,193
520.jpeg,300,300,pothole,52,5,244,300
783.jpeg,300,300,pothole,64,147,277,256
783.jpeg,300,300,pothole,186,129,234,149
727.jpeg,300,300,pothole,42,159,167,197
727.jpeg,300,300,pothole,27,178,267,276
232.jpeg,300,300,pothole,129,160,237,227
232.jpeg,300,300,pothole,101,114,187,153
16.jpeg,300,300,pothole,100,120,127,141
16.jpeg,300,300,pothole,136,118,161,140
16.jpeg,300,300,pothole,117,150,137,162
16.jpeg,300,300,pothole,141,145,165,169
16.jpeg,300,300,pothole,106,178,123,198
16.jpeg,300,300,pothole,204,169,222,186
16.jpeg,300,300,pothole,182,201,204,225
16.jpeg,300,300,pothole,235,201,250,215
16.jpeg,300,300,pothole,249,128,296,193
16.jpeg,300,300,pothole,193,74,225,89
16.jpeg,300,300,pothole,225,97,261,115
341.jpeg,300,300,pothole,96,179,172,201
202.jpeg,300,300,pothole,258,76,299,121
202.jpeg,300,300,pothole,247,132,276,171
202.jpeg,300,300,pothole,217,185,241,203
202.jpeg,300,300,pothole,187,234,209,250
202.jpeg,300,300,pothole,202,251,223,271
202.jpeg,300,300,pothole,213,230,230,245
202.jpeg,300,300,pothole,208,166,225,179
202.jpeg,300,300,pothole,142,187,186,236
192.jpeg,300,300,pothole,10,211,88,271
192.jpeg,300,300,pothole,77,117,176,185
192.jpeg,300,300,pothole,166,104,211,134
192.jpeg,300,300,pothole,222,143,267,173
192.jpeg,300,300,pothole,227,179,273,210
192.jpeg,300,300,pothole,201,210,253,256
192.jpeg,300,300,pothole,102,41,138,61
192.jpeg,300,300,pothole,153,51,199,69
192.jpeg,300,300,pothole,178,75,214,94
192.jpeg,300,300,pothole,147,14,183,27
192.jpeg,300,300,pothole,73,29,95,40
502.jpeg,300,300,pothole,75,56,236,180
28.jpeg,300,300,pothole,103,167,259,271
655.jpeg,300,300,pothole,31,114,87,154
655.jpeg,300,300,pothole,125,144,279,238
525.jpeg,300,300,pothole,135,140,297,242
525.jpeg,300,300,pothole,123,87,169,108
557.jpeg,300,300,pothole,128,124,261,183
214.jpeg,300,300,pothole,245,166,300,232
214.jpeg,300,300,pothole,202,140,226,157
214.jpeg,300,300,pothole,51,151,82,185
214.jpeg,300,300,pothole,106,262,138,295
382.jpeg,300,300,pothole,21,219,215,295
382.jpeg,300,300,pothole,89,175,173,207
113.jpeg,300,300,pothole,1,100,296,300
220.jpeg,300,300,pothole,12,116,108,147
220.jpeg,300,300,pothole,14,175,201,300
220.jpeg,300,300,pothole,183,150,300,193
220.jpeg,300,300,pothole,28,52,97,81
505.jpeg,300,300,pothole,40,45,173,199
111.jpeg,300,300,pothole,102,109,187,176
677.jpeg,300,300,pothole,59,119,224,179
92.jpeg,300,300,pothole,111,125,229,193
181.jpeg,300,300,pothole,212,154,260,204
181.jpeg,300,300,pothole,179,219,210,246
181.jpeg,300,300,pothole,211,81,236,101
181.jpeg,300,300,pothole,5,192,65,230
181.jpeg,300,300,pothole,233,245,280,259
181.jpeg,300,300,pothole,230,214,260,228
181.jpeg,300,300,pothole,188,20,222,32
338.jpeg,300,300,pothole,41,126,204,223
338.jpeg,300,300,pothole,176,57,286,104
45.jpeg,300,300,pothole,29,1,236,299
396.jpeg,300,300,pothole,111,186,219,256
729.jpeg,300,300,pothole,8,64,297,300
1.jpeg,300,300,pothole,58,107,157,176
311.jpeg,300,300,pothole,18,140,154,233
496.jpeg,300,300,pothole,66,164,137,216
686.jpeg,300,300,pothole,12,66,291,264
488.jpeg,300,300,pothole,122,154,258,283
166.jpeg,300,300,pothole,59,45,224,208
556.jpeg,300,300,pothole,113,139,195,186
506.jpeg,300,300,pothole,17,125,286,248
506.jpeg,300,300,pothole,14,88,102,119
742.jpeg,300,300,pothole,192,89,286,158
786.jpeg,300,300,pothole,58,17,267,292
659.jpeg,300,300,pothole,57,216,104,247
659.jpeg,300,300,pothole,62,175,136,193
659.jpeg,300,300,pothole,148,150,184,163
659.jpeg,300,300,pothole,103,140,139,152
659.jpeg,300,300,pothole,136,250,173,300
777.jpeg,300,300,pothole,32,138,88,175
777.jpeg,300,300,pothole,61,173,95,197
777.jpeg,300,300,pothole,26,203,84,265
777.jpeg,300,300,pothole,107,182,162,246
777.jpeg,300,300,pothole,90,142,157,176
777.jpeg,300,300,pothole,125,118,195,149
777.jpeg,300,300,pothole,156,150,274,254
14.jpeg,300,300,pothole,92,68,246,282
233.jpeg,300,300,pothole,142,135,238,159
233.jpeg,300,300,pothole,101,162,210,217
258.jpeg,300,300,pothole,63,132,233,227
258.jpeg,300,300,pothole,191,1,277,31
39.jpeg,300,300,pothole,45,75,259,258
19.jpeg,300,300,pothole,120,73,192,182
671.jpeg,300,300,pothole,37,177,275,288
191.jpeg,300,300,pothole,109,202,159,230
191.jpeg,300,300,pothole,145,244,174,267
191.jpeg,300,300,pothole,173,165,199,182
191.jpeg,300,300,pothole,141,113,167,129
191.jpeg,300,300,pothole,101,146,118,152
467.jpeg,300,300,pothole,45,188,228,269
467.jpeg,300,300,pothole,173,157,209,173
208.jpeg,300,300,pothole,38,191,224,269
208.jpeg,300,300,pothole,176,154,209,174
208.jpeg,300,300,pothole,138,132,173,145
688.jpeg,300,300,pothole,165,109,242,137
688.jpeg,300,300,pothole,226,137,300,213
182.jpeg,300,300,pothole,114,136,248,203
339.jpeg,300,300,pothole,65,168,300,283
79.jpeg,300,300,pothole,25,120,69,167
79.jpeg,300,300,pothole,5,192,53,277
79.jpeg,300,300,pothole,84,90,167,156
227.jpeg,300,300,pothole,124,268,174,298
227.jpeg,300,300,pothole,236,80,285,102
705.jpeg,300,300,pothole,87,163,202,225
153.jpeg,300,300,pothole,40,136,157,184
153.jpeg,300,300,pothole,193,78,258,220
518.jpeg,300,300,pothole,1,183,270,300
32.jpeg,300,300,pothole,52,112,259,235
286.jpeg,300,300,pothole,114,149,241,251
72.jpeg,300,300,pothole,22,184,271,300
581.jpeg,300,300,pothole,34,88,198,283
225.jpeg,300,300,pothole,46,94,239,199
723.jpeg,300,300,pothole,177,111,289,223
827.jpeg,300,300,pothole,11,196,53,216
827.jpeg,300,300,pothole,42,208,164,259
827.jpeg,300,300,pothole,129,114,160,123
827.jpeg,300,300,pothole,1,249,67,300
827.jpeg,300,300,pothole,135,153,172,172
827.jpeg,300,300,pothole,185,122,238,142
827.jpeg,300,300,pothole,198,149,264,179
827.jpeg,300,300,pothole,124,176,271,295
98.jpeg,300,300,pothole,49,73,274,218
328.jpeg,300,300,pothole,80,187,202,258
27.jpeg,300,300,pothole,143,214,184,241
437.jpeg,300,300,pothole,42,107,287,227
664.jpeg,300,300,pothole,94,140,169,163
664.jpeg,300,300,pothole,96,166,280,275
664.jpeg,300,300,pothole,230,98,279,120
501.jpeg,300,300,pothole,1,152,199,255
34.jpeg,300,300,pothole,150,107,300,214
34.jpeg,300,300,pothole,29,156,82,191
34.jpeg,300,300,pothole,145,228,203,265
34.jpeg,300,300,pothole,1,188,66,258
594.jpeg,300,300,pothole,180,155,250,194
594.jpeg,300,300,pothole,63,162,113,193
594.jpeg,300,300,pothole,255,158,298,190
594.jpeg,300,300,pothole,172,120,209,144
594.jpeg,300,300,pothole,103,135,145,154
594.jpeg,300,300,pothole,140,203,183,236
594.jpeg,300,300,pothole,3,115,63,179
626.jpeg,300,300,pothole,56,154,283,293
626.jpeg,300,300,pothole,86,29,158,48
384.jpeg,300,300,pothole,6,46,299,224
816.jpeg,300,300,pothole,85,165,205,223
5.jpeg,300,300,pothole,100,162,128,179
5.jpeg,300,300,pothole,113,175,204,248
5.jpeg,300,300,pothole,185,109,262,126
5.jpeg,300,300,pothole,39,188,85,211
30.jpeg,300,300,pothole,194,47,219,62
30.jpeg,300,300,pothole,144,87,182,112
30.jpeg,300,300,pothole,219,89,271,126
30.jpeg,300,300,pothole,52,199,140,286
739.jpeg,300,300,pothole,166,213,206,287
739.jpeg,300,300,pothole,229,45,268,164
739.jpeg,300,300,pothole,120,114,155,184
739.jpeg,300,300,pothole,133,204,159,236
818.jpeg,300,300,pothole,1,56,300,300
507.jpeg,300,300,pothole,16,123,254,251
785.jpeg,300,300,pothole,106,206,263,260
597.jpeg,300,300,pothole,48,2,112,58
753.jpeg,300,300,pothole,70,152,141,217
753.jpeg,300,300,pothole,180,173,250,232
573.jpeg,300,300,pothole,39,65,280,205
561.jpeg,300,300,pothole,71,93,212,247
252.jpeg,300,300,pothole,78,202,188,288
252.jpeg,300,300,pothole,159,152,187,172
643.jpeg,300,300,pothole,54,161,129,197
643.jpeg,300,300,pothole,17,132,91,163
643.jpeg,300,300,pothole,95,123,149,153
643.jpeg,300,300,pothole,65,89,101,125
643.jpeg,300,300,pothole,190,145,237,184
643.jpeg,300,300,pothole,157,123,191,137
610.jpeg,300,300,pothole,107,110,252,173
610.jpeg,300,300,pothole,52,148,104,195
668.jpeg,300,300,pothole,16,148,119,220
668.jpeg,300,300,pothole,168,66,232,94
775.jpeg,300,300,pothole,227,246,293,300
775.jpeg,300,300,pothole,74,197,123,300
775.jpeg,300,300,pothole,160,204,207,256
775.jpeg,300,300,pothole,95,149,132,191
775.jpeg,300,300,pothole,133,175,161,194
775.jpeg,300,300,pothole,200,154,232,179
775.jpeg,300,300,pothole,224,194,262,225
775.jpeg,300,300,pothole,149,137,182,173
775.jpeg,300,300,pothole,138,117,165,131
775.jpeg,300,300,pothole,182,111,198,122
775.jpeg,300,300,pothole,95,114,129,140
775.jpeg,300,300,pothole,1,93,83,137
180.jpeg,300,300,pothole,108,132,206,224
307.jpeg,300,300,pothole,107,136,184,216
121.jpeg,300,300,pothole,22,101,116,166
121.jpeg,300,300,pothole,170,76,263,153
158.jpeg,300,300,pothole,1,114,258,300
158.jpeg,300,300,pothole,32,32,300,112
770.jpeg,300,300,pothole,63,54,242,239
665.jpeg,300,300,pothole,108,171,214,241
665.jpeg,300,300,pothole,40,189,88,214
65.jpeg,300,300,pothole,123,163,263,286
26.jpeg,300,300,pothole,35,27,167,165
376.jpeg,300,300,pothole,7,101,292,300
17.jpeg,300,300,pothole,54,49,245,279
201.jpeg,300,300,pothole,95,114,188,153
201.jpeg,300,300,pothole,123,160,235,224
640.jpeg,300,300,pothole,55,142,241,242
521.jpeg,300,300,pothole,156,135,215,217
75.jpeg,300,300,pothole,1,90,298,231
764.jpeg,300,300,pothole,136,138,294,248
764.jpeg,300,300,pothole,123,88,172,106
716.jpeg,300,300,pothole,103,167,238,280
627.jpeg,300,300,pothole,116,177,235,266
772.jpeg,300,300,pothole,192,56,286,117
125.jpeg,300,300,pothole,19,150,240,299
125.jpeg,300,300,pothole,131,66,253,136
125.jpeg,300,300,pothole,128,42,165,64
125.jpeg,300,300,pothole,61,55,119,74
795.jpeg,300,300,pothole,50,49,148,130
135.jpeg,300,300,pothole,1,171,102,273
135.jpeg,300,300,pothole,124,211,217,278
135.jpeg,300,300,pothole,168,78,208,139
135.jpeg,300,300,pothole,135,90,160,106
100.jpeg,300,300,pothole,28,192,285,300
100.jpeg,300,300,pothole,1,98,54,171
165.jpeg,300,300,pothole,38,51,241,280
297.jpeg,300,300,pothole,72,188,108,208
297.jpeg,300,300,pothole,107,170,150,186
297.jpeg,300,300,pothole,160,169,219,190
297.jpeg,300,300,pothole,15,207,70,227
262.jpeg,300,300,pothole,16,144,108,198
262.jpeg,300,300,pothole,151,97,193,115
262.jpeg,300,300,pothole,236,166,275,188
262.jpeg,300,300,pothole,128,217,151,234
262.jpeg,300,300,pothole,94,107,111,121
262.jpeg,300,300,pothole,86,78,105,104
674.jpeg,300,300,pothole,32,128,296,269
184.jpeg,300,300,pothole,81,148,278,300
359.jpeg,300,300,pothole,104,15,194,42
359.jpeg,300,300,pothole,120,82,175,109
359.jpeg,300,300,pothole,154,117,234,154
359.jpeg,300,300,pothole,159,157,215,197
359.jpeg,300,300,pothole,44,163,128,219
359.jpeg,300,300,pothole,28,88,79,110
648.jpeg,300,300,pothole,47,45,242,202
290.jpeg,300,300,pothole,80,197,185,290
290.jpeg,300,300,pothole,157,151,185,169
290.jpeg,300,300,pothole,128,171,214,196
748.jpeg,300,300,pothole,49,108,188,244
569.jpeg,300,300,pothole,13,73,255,284
569.jpeg,300,300,pothole,241,6,296,63
740.jpeg,300,300,pothole,79,149,184,243
740.jpeg,300,300,pothole,192,144,300,278
740.jpeg,300,300,pothole,163,59,232,86
740.jpeg,300,300,pothole,1,137,50,184
740.jpeg,300,300,pothole,203,90,249,116
740.jpeg,300,300,pothole,157,109,185,130
572.jpeg,300,300,pothole,137,149,272,278
558.jpeg,300,300,pothole,120,144,174,173
558.jpeg,300,300,pothole,210,187,245,210
558.jpeg,300,300,pothole,188,227,223,279
810.jpeg,300,300,pothole,32,158,262,278
234.jpeg,300,300,pothole,132,200,276,289
234.jpeg,300,300,pothole,145,132,187,191
697.jpeg,300,300,pothole,15,10,279,289
554.jpeg,300,300,pothole,3,209,108,253
554.jpeg,300,300,pothole,121,167,221,248
554.jpeg,300,300,pothole,225,179,299,227
476.jpeg,300,300,pothole,74,166,201,291
479.jpeg,300,300,pothole,128,147,158,168
479.jpeg,300,300,pothole,150,170,267,230
479.jpeg,300,300,pothole,124,196,160,216
479.jpeg,300,300,pothole,95,235,151,281
479.jpeg,300,300,pothole,154,266,212,300
812.jpeg,300,300,pothole,34,182,250,268
71.jpeg,300,300,pothole,36,143,217,267
354.jpeg,300,300,pothole,97,200,165,229
354.jpeg,300,300,pothole,133,161,172,181
354.jpeg,300,300,pothole,184,148,233,168
354.jpeg,300,300,pothole,192,213,241,276
806.jpeg,300,300,pothole,148,251,187,285
806.jpeg,300,300,pothole,19,169,50,184
806.jpeg,300,300,pothole,68,156,99,174
806.jpeg,300,300,pothole,149,143,178,159
806.jpeg,300,300,pothole,45,133,72,144
806.jpeg,300,300,pothole,59,214,89,232
806.jpeg,300,300,pothole,93,273,128,300
728.jpeg,300,300,pothole,89,171,209,243
728.jpeg,300,300,pothole,168,142,290,179
74.jpeg,300,300,pothole,93,145,204,231
487.jpeg,300,300,pothole,131,186,175,232
567.jpeg,300,300,pothole,120,122,180,180
137.jpeg,300,300,pothole,124,121,159,132
137.jpeg,300,300,pothole,121,151,175,174
137.jpeg,300,300,pothole,67,210,186,300
798.jpeg,300,300,pothole,67,88,209,178
798.jpeg,300,300,pothole,127,214,210,269
62.jpeg,300,300,pothole,136,153,197,187
62.jpeg,300,300,pothole,110,192,180,218
193.jpeg,300,300,pothole,26,149,300,294
801.jpeg,300,300,pothole,125,175,300,296
442.jpeg,300,300,pothole,67,5,209,289
577.jpeg,300,300,pothole,2,26,300,276
139.jpeg,300,300,pothole,185,185,227,297
139.jpeg,300,300,pothole,142,122,168,246
139.jpeg,300,300,pothole,172,123,218,172
269.jpeg,300,300,pothole,2,102,287,284
433.jpeg,300,300,pothole,74,148,218,288
433.jpeg,300,300,pothole,236,179,300,258
433.jpeg,300,300,pothole,22,11,84,60
475.jpeg,300,300,pothole,61,95,261,260
237.jpeg,300,300,pothole,71,5,178,300
681.jpeg,300,300,pothole,51,166,246,279
492.jpeg,300,300,pothole,188,147,212,166
492.jpeg,300,300,pothole,178,127,200,137
492.jpeg,300,300,pothole,247,230,278,271
492.jpeg,300,300,pothole,272,205,300,231
492.jpeg,300,300,pothole,245,153,276,172
608.jpeg,300,300,pothole,204,223,300,299
608.jpeg,300,300,pothole,253,159,300,200
608.jpeg,300,300,pothole,76,133,140,161
608.jpeg,300,300,pothole,162,157,191,175
608.jpeg,300,300,pothole,64,111,109,132
628.jpeg,300,300,pothole,112,55,262,198
353.jpeg,300,300,pothole,59,185,184,244
353.jpeg,300,300,pothole,4,137,66,180
353.jpeg,300,300,pothole,123,137,190,172
549.jpeg,300,300,pothole,74,206,199,300
46.jpeg,300,300,pothole,2,112,299,300
267.jpeg,300,300,pothole,39,109,213,188
175.jpeg,300,300,pothole,16,189,287,250
436.jpeg,300,300,pothole,182,157,231,188
436.jpeg,300,300,pothole,127,234,249,300
337.jpeg,300,300,pothole,6,121,178,300
337.jpeg,300,300,pothole,139,97,245,153
337.jpeg,300,300,pothole,213,61,293,95
172.jpeg,300,300,pothole,38,76,261,227
803.jpeg,300,300,pothole,237,238,260,265
803.jpeg,300,300,pothole,148,183,175,197
803.jpeg,300,300,pothole,128,194,151,207
803.jpeg,300,300,pothole,10,249,58,284
803.jpeg,300,300,pothole,80,283,108,300
803.jpeg,300,300,pothole,108,166,159,185
803.jpeg,300,300,pothole,241,213,262,228
803.jpeg,300,300,pothole,32,178,53,186
803.jpeg,300,300,pothole,22,128,141,181
563.jpeg,300,300,pothole,106,103,252,300
183.jpeg,300,300,pothole,185,97,266,163
183.jpeg,300,300,pothole,207,199,300,288
183.jpeg,300,300,pothole,1,127,90,194
264.jpeg,300,300,pothole,51,100,111,122
766.jpeg,300,300,pothole,125,173,202,267
117.jpeg,300,300,pothole,130,136,187,190
117.jpeg,300,300,pothole,212,177,300,277
117.jpeg,300,300,pothole,36,123,98,184
228.jpeg,300,300,pothole,141,119,193,203
560.jpeg,300,300,pothole,2,142,119,212
560.jpeg,300,300,pothole,73,135,207,186
560.jpeg,300,300,pothole,145,209,183,222
560.jpeg,300,300,pothole,196,189,300,262
701.jpeg,300,300,pothole,97,103,271,202
701.jpeg,300,300,pothole,50,166,109,206
717.jpeg,300,300,pothole,97,101,258,266
642.jpeg,300,300,pothole,1,125,191,251
320.jpeg,300,300,pothole,117,217,194,255
320.jpeg,300,300,pothole,145,131,163,140
320.jpeg,300,300,pothole,116,280,147,300
320.jpeg,300,300,pothole,134,255,152,273
320.jpeg,300,300,pothole,187,248,194,266
320.jpeg,300,300,pothole,129,142,143,154
412.jpeg,300,300,pothole,107,159,163,185
412.jpeg,300,300,pothole,141,198,188,228
412.jpeg,300,300,pothole,170,151,214,173
412.jpeg,300,300,pothole,223,186,272,221
412.jpeg,300,300,pothole,175,253,237,300
412.jpeg,300,300,pothole,8,258,84,300
482.jpeg,300,300,pothole,182,206,274,286
482.jpeg,300,300,pothole,157,131,198,157
482.jpeg,300,300,pothole,44,199,85,222
482.jpeg,300,300,pothole,128,101,170,123
104.jpeg,300,300,pothole,9,90,211,275
694.jpeg,300,300,pothole,38,127,259,233
694.jpeg,300,300,pothole,90,52,206,89
302.jpeg,300,300,pothole,6,138,296,273
203.jpeg,300,300,pothole,14,24,264,243
588.jpeg,300,300,pothole,137,180,185,202
151.jpeg,300,300,pothole,54,27,275,245
684.jpeg,300,300,pothole,53,171,101,206
684.jpeg,300,300,pothole,143,198,250,244
178.jpeg,300,300,pothole,75,25,105,42
178.jpeg,300,300,pothole,101,56,143,81
178.jpeg,300,300,pothole,108,97,129,111
178.jpeg,300,300,pothole,256,55,298,86
178.jpeg,300,300,pothole,224,20,242,29
178.jpeg,300,300,pothole,170,155,217,191
178.jpeg,300,300,pothole,159,222,256,297
23.jpeg,300,300,pothole,91,155,163,212
682.jpeg,300,300,pothole,21,96,299,209
732.jpeg,300,300,pothole,53,174,234,289
732.jpeg,300,300,pothole,96,127,155,157
456.jpeg,300,300,pothole,41,114,300,279
456.jpeg,300,300,pothole,29,97,109,117
57.jpeg,300,300,pothole,44,120,150,158
57.jpeg,300,300,pothole,166,120,265,154
57.jpeg,300,300,pothole,3,205,299,300
457.jpeg,300,300,pothole,74,75,206,274
99.jpeg,300,300,pothole,56,26,295,294
654.jpeg,300,300,pothole,128,172,200,272
805.jpeg,300,300,pothole,2,128,295,300
319.jpeg,300,300,pothole,71,71,202,216
534.jpeg,300,300,pothole,13,151,271,267
787.jpeg,300,300,pothole,81,144,187,186
462.jpeg,300,300,pothole,97,90,196,249
676.jpeg,300,300,pothole,227,166,289,218
88.jpeg,300,300,pothole,71,51,124,69
88.jpeg,300,300,pothole,76,38,117,46
88.jpeg,300,300,pothole,36,87,181,154
88.jpeg,300,300,pothole,105,162,195,199
88.jpeg,300,300,pothole,231,183,300,225
88.jpeg,300,300,pothole,141,219,245,300
88.jpeg,300,300,pothole,2,201,98,291
88.jpeg,300,300,pothole,13,130,88,174
295.jpeg,300,300,pothole,93,115,221,222
381.jpeg,300,300,pothole,87,159,222,283
138.jpeg,300,300,pothole,70,83,226,285
465.jpeg,300,300,pothole,121,115,287,206
465.jpeg,300,300,pothole,1,235,76,289
532.jpeg,300,300,pothole,28,137,300,258
95.jpeg,300,300,pothole,110,110,184,165
745.jpeg,300,300,pothole,117,117,300,283
745.jpeg,300,300,pothole,232,87,300,128
745.jpeg,300,300,pothole,138,91,213,122
318.jpeg,300,300,pothole,73,24,236,285
774.jpeg,300,300,pothole,106,53,272,262
240.jpeg,300,300,pothole,63,173,287,300
331.jpeg,300,300,pothole,70,119,225,249
331.jpeg,300,300,pothole,132,29,166,39
179.jpeg,300,300,pothole,88,137,157,171
179.jpeg,300,300,pothole,99,83,162,114
179.jpeg,300,300,pothole,169,86,210,109
179.jpeg,300,300,pothole,244,72,290,92
179.jpeg,300,300,pothole,209,239,288,276
179.jpeg,300,300,pothole,167,271,209,300
179.jpeg,300,300,pothole,115,246,144,263
179.jpeg,300,300,pothole,1,260,88,300
189.jpeg,300,300,pothole,104,124,210,219
189.jpeg,300,300,pothole,119,1,189,24
24.jpeg,300,300,pothole,46,135,141,230
24.jpeg,300,300,pothole,149,192,245,300
24.jpeg,300,300,pothole,163,93,201,126
250.jpeg,300,300,pothole,103,75,189,172
250.jpeg,300,300,pothole,180,55,225,99
250.jpeg,300,300,pothole,232,103,275,142
250.jpeg,300,300,pothole,38,190,118,264
348.jpeg,300,300,pothole,137,183,250,300
293.jpeg,300,300,pothole,113,109,206,184
293.jpeg,300,300,pothole,174,215,293,300
293.jpeg,300,300,pothole,4,218,173,300
293.jpeg,300,300,pothole,89,79,182,102
293.jpeg,300,300,pothole,125,52,163,72
222.jpeg,300,300,pothole,70,99,199,190
133.jpeg,300,300,pothole,35,175,134,242
133.jpeg,300,300,pothole,127,217,154,235
133.jpeg,300,300,pothole,101,257,150,291
133.jpeg,300,300,pothole,190,169,224,185
596.jpeg,300,300,pothole,68,83,226,236
596.jpeg,300,300,pothole,38,41,71,67
596.jpeg,300,300,pothole,251,139,277,160
715.jpeg,300,300,pothole,81,96,279,276
580.jpeg,300,300,pothole,23,134,255,193
641.jpeg,300,300,pothole,54,65,300,293
574.jpeg,300,300,pothole,144,194,224,273
80.jpeg,300,300,pothole,7,119,269,236
101.jpeg,300,300,pothole,56,182,95,200
101.jpeg,300,300,pothole,77,223,165,256
637.jpeg,300,300,pothole,50,119,216,253
346.jpeg,300,300,pothole,68,139,300,295
306.jpeg,300,300,pothole,44,80,263,259
638.jpeg,300,300,pothole,33,124,168,214
25.jpeg,300,300,pothole,129,151,212,180
25.jpeg,300,300,pothole,14,198,120,300
25.jpeg,300,300,pothole,215,233,298,300
388.jpeg,300,300,pothole,20,99,298,284
713.jpeg,300,300,pothole,62,30,255,219
528.jpeg,300,300,pothole,2,47,106,96
528.jpeg,300,300,pothole,158,86,213,111
528.jpeg,300,300,pothole,100,113,300,219
528.jpeg,300,300,pothole,141,219,231,300
140.jpeg,300,300,pothole,105,185,193,236
177.jpeg,300,300,pothole,18,179,270,278
177.jpeg,300,300,pothole,112,139,294,162
177.jpeg,300,300,pothole,144,111,253,129
722.jpeg,300,300,pothole,60,219,161,291
722.jpeg,300,300,pothole,128,125,221,152
722.jpeg,300,300,pothole,37,103,84,124
824.jpeg,300,300,pothole,123,207,217,286
824.jpeg,300,300,pothole,4,174,104,277
824.jpeg,300,300,pothole,164,79,211,137
824.jpeg,300,300,pothole,132,91,159,106
553.jpeg,300,300,pothole,120,207,182,262
512.jpeg,300,300,pothole,100,126,300,299
421.jpeg,300,300,pothole,121,123,189,154
421.jpeg,300,300,pothole,125,158,207,209
77.jpeg,300,300,pothole,1,185,65,261
77.jpeg,300,300,pothole,34,160,82,189
77.jpeg,300,300,pothole,96,124,117,137
77.jpeg,300,300,pothole,62,123,85,133
77.jpeg,300,300,pothole,152,106,300,216
77.jpeg,300,300,pothole,146,229,198,262
629.jpeg,300,300,pothole,11,67,284,300
11.jpeg,300,300,pothole,42,157,203,300
751.jpeg,300,300,pothole,1,122,300,290
429.jpeg,300,300,pothole,82,213,222,227
429.jpeg,300,300,pothole,12,233,228,257
707.jpeg,300,300,pothole,59,103,300,210
145.jpeg,300,300,pothole,124,68,189,121
148.jpeg,300,300,pothole,50,68,254,227
144.jpeg,300,300,pothole,51,197,261,300
144.jpeg,300,300,pothole,46,155,96,175
144.jpeg,300,300,pothole,64,182,135,196
299.jpeg,300,300,pothole,102,30,276,299
432.jpeg,300,300,pothole,94,126,150,161
432.jpeg,300,300,pothole,83,162,174,205
432.jpeg,300,300,pothole,116,209,207,267
432.jpeg,300,300,pothole,172,66,222,81
432.jpeg,300,300,pothole,203,2,250,13
70.jpeg,300,300,pothole,118,45,274,249
277.jpeg,300,300,pothole,7,103,241,254
760.jpeg,300,300,pothole,114,138,170,168
760.jpeg,300,300,pothole,141,121,175,141
760.jpeg,300,300,pothole,199,146,228,160
760.jpeg,300,300,pothole,197,186,244,215
760.jpeg,300,300,pothole,47,186,80,209
760.jpeg,300,300,pothole,18,106,41,118
6.jpeg,300,300,pothole,34,144,84,163
6.jpeg,300,300,pothole,69,132,95,145
6.jpeg,300,300,pothole,118,123,167,142
6.jpeg,300,300,pothole,180,120,201,131
6.jpeg,300,300,pothole,250,119,266,127
6.jpeg,300,300,pothole,176,147,210,161
6.jpeg,300,300,pothole,226,148,268,170
6.jpeg,300,300,pothole,250,173,300,198
6.jpeg,300,300,pothole,1,165,138,300
48.jpeg,300,300,pothole,48,140,200,296
592.jpeg,300,300,pothole,110,183,154,201
537.jpeg,300,300,pothole,63,167,300,300
278.jpeg,300,300,pothole,18,111,236,299
278.jpeg,300,300,pothole,102,66,270,111
73.jpeg,300,300,pothole,67,78,114,108
73.jpeg,300,300,pothole,114,58,222,108
73.jpeg,300,300,pothole,108,121,206,174
765.jpeg,300,300,pothole,131,143,276,226
765.jpeg,300,300,pothole,30,154,132,215
143.jpeg,300,300,pothole,33,179,255,271
603.jpeg,300,300,pothole,1,141,253,300
386.jpeg,300,300,pothole,97,100,274,267
94.jpeg,300,300,pothole,67,54,119,102
94.jpeg,300,300,pothole,177,100,289,154
94.jpeg,300,300,pothole,240,49,291,100
94.jpeg,300,300,pothole,161,174,292,230
94.jpeg,300,300,pothole,121,147,175,166
94.jpeg,300,300,pothole,44,131,109,179
94.jpeg,300,300,pothole,79,181,137,211
94.jpeg,300,300,pothole,36,212,113,272
94.jpeg,300,300,pothole,117,215,154,258
94.jpeg,300,300,pothole,224,4,247,20
260.jpeg,300,300,pothole,43,177,295,257
260.jpeg,300,300,pothole,44,108,184,129
260.jpeg,300,300,pothole,207,127,300,148
692.jpeg,300,300,pothole,36,219,123,261
692.jpeg,300,300,pothole,117,96,300,227
238.jpeg,300,300,pothole,64,180,119,217
238.jpeg,300,300,pothole,207,179,230,196
584.jpeg,300,300,pothole,111,260,179,296
584.jpeg,300,300,pothole,56,241,99,265
584.jpeg,300,300,pothole,101,171,127,183
584.jpeg,300,300,pothole,63,144,91,157
584.jpeg,300,300,pothole,12,187,47,207
584.jpeg,300,300,pothole,160,241,247,277
584.jpeg,300,300,pothole,95,227,163,246
584.jpeg,300,300,pothole,147,204,177,221
584.jpeg,300,300,pothole,212,221,233,233
584.jpeg,300,300,pothole,191,178,218,188
584.jpeg,300,300,pothole,208,194,230,204
584.jpeg,300,300,pothole,135,141,157,149
584.jpeg,300,300,pothole,188,125,209,132
584.jpeg,300,300,pothole,164,157,189,165
584.jpeg,300,300,pothole,144,124,171,131
285.jpeg,300,300,pothole,70,72,142,121
285.jpeg,300,300,pothole,113,160,244,265
285.jpeg,300,300,pothole,216,59,251,88
700.jpeg,300,300,pothole,161,173,291,232
700.jpeg,300,300,pothole,118,217,153,262
700.jpeg,300,300,pothole,35,210,113,276
700.jpeg,300,300,pothole,40,133,113,183
700.jpeg,300,300,pothole,81,180,135,212
700.jpeg,300,300,pothole,121,145,177,169
700.jpeg,300,300,pothole,176,98,288,159
700.jpeg,300,300,pothole,60,52,123,102
700.jpeg,300,300,pothole,112,278,163,300
625.jpeg,300,300,pothole,20,156,165,253
625.jpeg,300,300,pothole,191,201,246,256
625.jpeg,300,300,pothole,255,192,300,230
625.jpeg,300,300,pothole,260,153,300,192
625.jpeg,300,300,pothole,228,134,258,157
625.jpeg,300,300,pothole,241,118,286,137
625.jpeg,300,300,pothole,178,148,233,195
4.jpeg,300,300,pothole,189,131,242,154
4.jpeg,300,300,pothole,200,235,273,273
724.jpeg,300,300,pothole,35,63,263,231
330.jpeg,300,300,pothole,36,153,297,254
102.jpeg,300,300,pothole,129,160,183,202
102.jpeg,300,300,pothole,180,157,219,173
750.jpeg,300,300,pothole,134,199,196,239
310.jpeg,300,300,pothole,19,117,280,289
519.jpeg,300,300,pothole,67,85,241,174
219.jpeg,300,300,pothole,62,126,228,243
733.jpeg,300,300,pothole,112,148,222,199
170.jpeg,300,300,pothole,24,203,197,274
176.jpeg,300,300,pothole,184,235,258,254
443.jpeg,300,300,pothole,62,187,233,276
256.jpeg,300,300,pothole,94,183,257,293
116.jpeg,300,300,pothole,91,157,191,266
578.jpeg,300,300,pothole,70,80,240,176
154.jpeg,300,300,pothole,143,220,205,300
154.jpeg,300,300,pothole,176,103,235,182
154.jpeg,300,300,pothole,124,132,154,184
154.jpeg,300,300,pothole,131,62,181,97
333.jpeg,300,300,pothole,185,207,300,283
333.jpeg,300,300,pothole,143,132,165,140
410.jpeg,300,300,pothole,121,59,250,185
357.jpeg,300,300,pothole,26,168,208,289
357.jpeg,300,300,pothole,15,135,241,157
216.jpeg,300,300,pothole,50,138,264,300
216.jpeg,300,300,pothole,144,112,258,169
541.jpeg,300,300,pothole,46,157,222,194
617.jpeg,300,300,pothole,131,155,234,190
209.jpeg,300,300,pothole,223,142,256,156
209.jpeg,300,300,pothole,43,135,65,144
209.jpeg,300,300,pothole,257,213,300,242
283.jpeg,300,300,pothole,5,171,97,251
283.jpeg,300,300,pothole,79,82,112,99
283.jpeg,300,300,pothole,157,96,215,122
283.jpeg,300,300,pothole,228,149,291,214
283.jpeg,300,300,pothole,222,219,277,268
769.jpeg,300,300,pothole,1,183,211,261
789.jpeg,300,300,pothole,103,69,182,238
493.jpeg,300,300,pothole,14,162,147,223
493.jpeg,300,300,pothole,198,96,282,152
270.jpeg,300,300,pothole,144,222,197,300
270.jpeg,300,300,pothole,171,101,209,145
205.jpeg,300,300,pothole,98,165,202,193
205.jpeg,300,300,pothole,40,182,94,209
128.jpeg,300,300,pothole,107,137,183,191
128.jpeg,300,300,pothole,55,211,221,300
454.jpeg,300,300,pothole,1,64,300,247
107.jpeg,300,300,pothole,103,16,191,46
107.jpeg,300,300,pothole,27,85,80,110
107.jpeg,300,300,pothole,119,81,174,106
107.jpeg,300,300,pothole,158,119,238,155
107.jpeg,300,300,pothole,161,159,217,200
107.jpeg,300,300,pothole,42,164,125,220
55.jpeg,300,300,pothole,125,123,175,179
211.jpeg,300,300,pothole,63,61,265,256
790.jpeg,300,300,pothole,8,23,300,296
504.jpeg,300,300,pothole,107,63,233,167
504.jpeg,300,300,pothole,52,24,105,69
142.jpeg,300,300,pothole,3,94,300,225
540.jpeg,300,300,pothole,113,100,273,258
49.jpeg,300,300,pothole,15,55,258,277
646.jpeg,300,300,pothole,43,158,182,254
130.jpeg,300,300,pothole,74,169,168,208
130.jpeg,300,300,pothole,120,148,161,164
130.jpeg,300,300,pothole,97,112,144,130
130.jpeg,300,300,pothole,8,136,65,166
130.jpeg,300,300,pothole,6,108,58,119
36.jpeg,300,300,pothole,190,143,256,193
36.jpeg,300,300,pothole,124,116,152,136
495.jpeg,300,300,pothole,104,154,234,214
404.jpeg,300,300,pothole,89,84,267,175
621.jpeg,300,300,pothole,21,141,54,170
621.jpeg,300,300,pothole,60,136,107,177
621.jpeg,300,300,pothole,120,130,175,182
621.jpeg,300,300,pothole,224,136,266,169
391.jpeg,300,300,pothole,112,100,188,158
391.jpeg,300,300,pothole,127,183,188,300
391.jpeg,300,300,pothole,187,157,255,239
391.jpeg,300,300,pothole,27,126,112,249
40.jpeg,300,300,pothole,19,106,46,118
40.jpeg,300,300,pothole,50,189,76,205
40.jpeg,300,300,pothole,115,140,170,166
40.jpeg,300,300,pothole,144,123,176,139
40.jpeg,300,300,pothole,87,93,101,104
40.jpeg,300,300,pothole,196,188,245,215
159.jpeg,300,300,pothole,59,82,260,267
531.jpeg,300,300,pothole,56,58,276,148
624.jpeg,300,300,pothole,44,48,241,257
514.jpeg,300,300,pothole,2,140,300,298
119.jpeg,300,300,pothole,27,126,79,159
119.jpeg,300,300,pothole,18,190,76,233
119.jpeg,300,300,pothole,67,218,129,280
119.jpeg,300,300,pothole,153,240,194,300
119.jpeg,300,300,pothole,214,232,245,274
119.jpeg,300,300,pothole,224,123,259,148
119.jpeg,300,300,pothole,9,100,48,122
372.jpeg,300,300,pothole,80,117,300,294
231.jpeg,300,300,pothole,41,102,184,166
804.jpeg,300,300,pothole,109,147,173,197
804.jpeg,300,300,pothole,196,102,229,129
804.jpeg,300,300,pothole,20,151,76,184
804.jpeg,300,300,pothole,149,117,183,140
22.jpeg,300,300,pothole,45,132,208,300
132.jpeg,300,300,pothole,116,191,236,275
132.jpeg,300,300,pothole,98,142,192,184
132.jpeg,300,300,pothole,75,81,125,112
706.jpeg,300,300,pothole,21,177,271,290
93.jpeg,300,300,pothole,141,116,209,169
93.jpeg,300,300,pothole,142,206,186,249
93.jpeg,300,300,pothole,201,221,296,300
93.jpeg,300,300,pothole,48,129,92,152
93.jpeg,300,300,pothole,110,153,147,179
93.jpeg,300,300,pothole,86,195,120,225
93.jpeg,300,300,pothole,201,113,259,144
93.jpeg,300,300,pothole,253,155,299,173
93.jpeg,300,300,pothole,231,196,278,217
93.jpeg,300,300,pothole,179,185,206,204
263.jpeg,300,300,pothole,1,198,300,284
670.jpeg,300,300,pothole,20,135,117,184
239.jpeg,300,300,pothole,19,1,220,300
539.jpeg,300,300,pothole,35,135,167,189
539.jpeg,300,300,pothole,197,123,258,220
206.jpeg,300,300,pothole,125,112,148,132
206.jpeg,300,300,pothole,198,147,255,187
726.jpeg,300,300,pothole,150,229,214,259
355.jpeg,300,300,pothole,89,145,297,290
301.jpeg,300,300,pothole,52,169,110,201
301.jpeg,300,300,pothole,123,194,193,235
301.jpeg,300,300,pothole,90,241,134,288
301.jpeg,300,300,pothole,115,162,140,187
301.jpeg,300,300,pothole,62,128,127,143
301.jpeg,300,300,pothole,41,141,66,161
301.jpeg,300,300,pothole,11,138,39,151
802.jpeg,300,300,pothole,182,155,275,209
802.jpeg,300,300,pothole,237,214,300,292
802.jpeg,300,300,pothole,110,222,154,270
802.jpeg,300,300,pothole,169,223,223,273
802.jpeg,300,300,pothole,112,158,167,192
802.jpeg,300,300,pothole,58,193,97,220
802.jpeg,300,300,pothole,174,103,254,130
453.jpeg,300,300,pothole,191,132,225,146
453.jpeg,300,300,pothole,185,172,224,202
453.jpeg,300,300,pothole,106,210,202,277
453.jpeg,300,300,pothole,96,266,139,300
689.jpeg,300,300,pothole,138,99,210,137
689.jpeg,300,300,pothole,106,153,161,187
689.jpeg,300,300,pothole,78,168,107,193
689.jpeg,300,300,pothole,67,96,101,125
689.jpeg,300,300,pothole,166,67,234,98
689.jpeg,300,300,pothole,218,53,296,84
689.jpeg,300,300,pothole,237,81,280,120
689.jpeg,300,300,pothole,168,175,219,209
689.jpeg,300,300,pothole,26,120,67,139
689.jpeg,300,300,pothole,36,63,79,91
689.jpeg,300,300,pothole,148,45,176,59
689.jpeg,300,300,pothole,202,38,229,51
689.jpeg,300,300,pothole,186,53,210,69
689.jpeg,300,300,pothole,215,120,300,165
689.jpeg,300,300,pothole,15,142,49,167
59.jpeg,300,300,pothole,2,129,35,148
59.jpeg,300,300,pothole,103,126,119,139
59.jpeg,300,300,pothole,163,70,185,85
59.jpeg,300,300,pothole,188,91,216,101
59.jpeg,300,300,pothole,177,106,195,116
59.jpeg,300,300,pothole,133,161,164,183
59.jpeg,300,300,pothole,96,182,146,216
59.jpeg,300,300,pothole,173,186,234,216
59.jpeg,300,300,pothole,182,226,239,290
59.jpeg,300,300,pothole,152,88,166,97
114.jpeg,300,300,pothole,116,194,158,218
114.jpeg,300,300,pothole,22,219,139,298
114.jpeg,300,300,pothole,180,172,211,197
187.jpeg,300,300,pothole,57,114,206,210
483.jpeg,300,300,pothole,27,107,228,259
199.jpeg,300,300,pothole,53,2,249,300
13.jpeg,300,300,pothole,54,134,226,175
374.jpeg,300,300,pothole,130,212,221,279
374.jpeg,300,300,pothole,142,136,196,166
374.jpeg,300,300,pothole,171,112,214,130
374.jpeg,300,300,pothole,143,104,179,119
374.jpeg,300,300,pothole,185,97,208,104
374.jpeg,300,300,pothole,105,123,135,134
374.jpeg,300,300,pothole,112,109,131,119
374.jpeg,300,300,pothole,156,80,189,97
579.jpeg,300,300,pothole,89,127,227,249
435.jpeg,300,300,pothole,95,218,158,279
435.jpeg,300,300,pothole,136,138,187,180
398.jpeg,300,300,pothole,4,83,139,132
398.jpeg,300,300,pothole,145,110,276,188
326.jpeg,300,300,pothole,31,162,180,233
595.jpeg,300,300,pothole,36,70,249,243
782.jpeg,300,300,pothole,70,89,222,251
494.jpeg,300,300,pothole,73,32,248,253
657.jpeg,300,300,pothole,37,56,268,277
657.jpeg,300,300,pothole,163,9,236,38
63.jpeg,300,300,pothole,69,125,256,296
50.jpeg,300,300,pothole,3,175,142,285
50.jpeg,300,300,pothole,203,208,297,300
403.jpeg,300,300,pothole,6,62,300,251
244.jpeg,300,300,pothole,33,132,263,217
266.jpeg,300,300,pothole,104,86,204,209
430.jpeg,300,300,pothole,62,54,236,270
284.jpeg,300,300,pothole,5,167,271,300
284.jpeg,300,300,pothole,104,62,204,92
284.jpeg,300,300,pothole,183,39,219,56
284.jpeg,300,300,pothole,73,43,113,59
317.jpeg,300,300,pothole,205,158,243,176
317.jpeg,300,300,pothole,156,184,207,203
317.jpeg,300,300,pothole,109,156,142,166
317.jpeg,300,300,pothole,145,145,166,152
317.jpeg,300,300,pothole,93,174,137,188
136.jpeg,300,300,pothole,75,120,173,206
136.jpeg,300,300,pothole,136,11,200,44
78.jpeg,300,300,pothole,20,181,284,256
776.jpeg,300,300,pothole,76,65,248,273
471.jpeg,300,300,pothole,106,118,300,274
20.jpeg,300,300,pothole,177,90,248,112
20.jpeg,300,300,pothole,54,178,156,227
20.jpeg,300,300,pothole,172,182,202,204
799.jpeg,300,300,pothole,111,132,252,207
662.jpeg,300,300,pothole,91,171,207,246
662.jpeg,300,300,pothole,167,142,292,178
366.jpeg,300,300,pothole,35,163,258,276
47.jpeg,300,300,pothole,108,30,292,287
325.jpeg,300,300,pothole,64,129,187,186
325.jpeg,300,300,pothole,135,86,215,131
570.jpeg,300,300,pothole,99,16,238,292
316.jpeg,300,300,pothole,4,123,300,255
367.jpeg,300,300,pothole,2,211,79,243
367.jpeg,300,300,pothole,95,191,150,220
367.jpeg,300,300,pothole,163,184,218,198
367.jpeg,300,300,pothole,45,191,69,206
367.jpeg,300,300,pothole,168,204,199,223
287.jpeg,300,300,pothole,32,80,270,236
313.jpeg,300,300,pothole,30,191,293,300
639.jpeg,300,300,pothole,1,53,299,258
614.jpeg,300,300,pothole,95,187,177,233
511.jpeg,300,300,pothole,56,135,272,253
734.jpeg,300,300,pothole,151,219,200,250
734.jpeg,300,300,pothole,177,194,251,213
734.jpeg,300,300,pothole,112,159,174,177
734.jpeg,300,300,pothole,196,279,239,300
734.jpeg,300,300,pothole,54,147,98,160
734.jpeg,300,300,pothole,98,138,148,152
734.jpeg,300,300,pothole,208,175,260,192
248.jpeg,300,300,pothole,30,130,266,211
635.jpeg,300,300,pothole,96,163,194,282
635.jpeg,300,300,pothole,9,172,63,232
635.jpeg,300,300,pothole,185,93,235,180
635.jpeg,300,300,pothole,249,75,277,106
712.jpeg,300,300,pothole,70,8,238,271
242.jpeg,300,300,pothole,130,183,192,300
242.jpeg,300,300,pothole,184,159,258,239
242.jpeg,300,300,pothole,111,103,190,167
242.jpeg,300,300,pothole,25,126,112,260
586.jpeg,300,300,pothole,61,1,300,234
817.jpeg,300,300,pothole,58,126,214,167
817.jpeg,300,300,pothole,136,177,232,217
15.jpeg,300,300,pothole,55,46,240,254
418.jpeg,300,300,pothole,90,192,210,300
768.jpeg,300,300,pothole,25,23,245,290
409.jpeg,300,300,pothole,18,36,292,216
31.jpeg,300,300,pothole,16,77,289,267
746.jpeg,300,300,pothole,29,71,236,223
408.jpeg,300,300,pothole,123,236,163,267
408.jpeg,300,300,pothole,212,170,241,187
725.jpeg,300,300,pothole,61,178,117,218
757.jpeg,300,300,pothole,177,110,246,138
757.jpeg,300,300,pothole,219,136,300,208
411.jpeg,300,300,pothole,117,77,232,149
411.jpeg,300,300,pothole,72,185,300,294
535.jpeg,300,300,pothole,30,199,158,300
481.jpeg,300,300,pothole,80,141,228,224
741.jpeg,300,300,pothole,81,57,229,216
53.jpeg,300,300,pothole,52,149,299,286
150.jpeg,300,300,pothole,22,132,179,277
150.jpeg,300,300,pothole,165,23,281,110
645.jpeg,300,300,pothole,40,128,265,253
109.jpeg,300,300,pothole,125,158,174,203
109.jpeg,300,300,pothole,76,210,165,267
820.jpeg,300,300,pothole,66,85,161,161
820.jpeg,300,300,pothole,159,193,237,271
820.jpeg,300,300,pothole,9,43,49,61
820.jpeg,300,300,pothole,38,83,71,109
97.jpeg,300,300,pothole,147,199,199,223
97.jpeg,300,300,pothole,162,238,226,284
97.jpeg,300,300,pothole,88,272,143,300
58.jpeg,300,300,pothole,19,135,269,239
12.jpeg,300,300,pothole,116,125,208,163
12.jpeg,300,300,pothole,27,180,290,294
41.jpeg,300,300,pothole,111,118,197,300
619.jpeg,300,300,pothole,126,226,245,300
619.jpeg,300,300,pothole,178,156,238,182
322.jpeg,300,300,pothole,236,126,264,137
322.jpeg,300,300,pothole,267,166,292,180
103.jpeg,300,300,pothole,113,206,163,233
103.jpeg,300,300,pothole,142,242,173,270
103.jpeg,300,300,pothole,94,135,126,158
103.jpeg,300,300,pothole,119,98,167,134
718.jpeg,300,300,pothole,75,102,210,222
508.jpeg,300,300,pothole,182,224,247,242
508.jpeg,300,300,pothole,236,156,279,171
508.jpeg,300,300,pothole,255,214,294,234
800.jpeg,300,300,pothole,1,165,300,299
542.jpeg,300,300,pothole,16,155,73,205
542.jpeg,300,300,pothole,7,129,45,147
542.jpeg,300,300,pothole,213,158,300,200
542.jpeg,300,300,pothole,199,215,256,254
542.jpeg,300,300,pothole,262,259,300,296
380.jpeg,300,300,pothole,149,181,255,268
447.jpeg,300,300,pothole,49,141,289,300
417.jpeg,300,300,pothole,95,136,176,162
156.jpeg,300,300,pothole,14,119,282,241
516.jpeg,300,300,pothole,68,84,163,166
516.jpeg,300,300,pothole,156,193,261,277
399.jpeg,300,300,pothole,92,9,206,291
272.jpeg,300,300,pothole,109,213,153,289
272.jpeg,300,300,pothole,181,163,277,234
272.jpeg,300,300,pothole,98,122,145,167
272.jpeg,300,300,pothole,174,71,222,91
559.jpeg,300,300,pothole,79,194,221,298
106.jpeg,300,300,pothole,97,197,273,268
589.jpeg,300,300,pothole,4,187,297,300
434.jpeg,300,300,pothole,1,103,254,254
312.jpeg,300,300,pothole,38,128,285,268
223.jpeg,300,300,pothole,91,137,300,264
86.jpeg,300,300,pothole,20,113,266,234
602.jpeg,300,300,pothole,164,165,210,242
602.jpeg,300,300,pothole,210,180,234,205
602.jpeg,300,300,pothole,117,116,133,144
602.jpeg,300,300,pothole,129,79,143,94
691.jpeg,300,300,pothole,33,179,218,246
644.jpeg,300,300,pothole,25,66,232,237
472.jpeg,300,300,pothole,76,136,251,300
613.jpeg,300,300,pothole,164,112,205,134
736.jpeg,300,300,pothole,61,74,241,244
82.jpeg,300,300,pothole,8,121,283,238
226.jpeg,300,300,pothole,98,126,194,257
196.jpeg,300,300,pothole,193,87,276,138
335.jpeg,300,300,pothole,4,185,178,288
335.jpeg,300,300,pothole,134,167,181,186
335.jpeg,300,300,pothole,113,147,153,162
335.jpeg,300,300,pothole,190,147,219,161
335.jpeg,300,300,pothole,199,113,239,127
335.jpeg,300,300,pothole,176,119,206,129
335.jpeg,300,300,pothole,184,128,216,139
335.jpeg,300,300,pothole,167,108,197,115
152.jpeg,300,300,pothole,10,149,47,170
152.jpeg,300,300,pothole,63,203,97,224
152.jpeg,300,300,pothole,164,123,288,151
423.jpeg,300,300,pothole,71,67,299,276
83.jpeg,300,300,pothole,102,214,201,300
83.jpeg,300,300,pothole,165,151,241,224
710.jpeg,300,300,pothole,63,30,299,293
38.jpeg,300,300,pothole,156,154,240,220
215.jpeg,300,300,pothole,18,145,253,285
575.jpeg,300,300,pothole,112,142,262,300
823.jpeg,300,300,pothole,51,78,250,254
529.jpeg,300,300,pothole,99,98,197,183
110.jpeg,300,300,pothole,111,104,286,206
110.jpeg,300,300,pothole,49,166,106,212
110.jpeg,300,300,pothole,69,88,105,111
110.jpeg,300,300,pothole,58,273,103,300
230.jpeg,300,300,pothole,207,174,261,275
268.jpeg,300,300,pothole,15,99,300,226
268.jpeg,300,300,pothole,2,214,94,300
719.jpeg,300,300,pothole,1,231,222,276
755.jpeg,300,300,pothole,58,174,229,199
781.jpeg,300,300,pothole,45,155,94,178
781.jpeg,300,300,pothole,72,127,126,147
149.jpeg,300,300,pothole,72,92,144,132
149.jpeg,300,300,pothole,112,157,239,237
149.jpeg,300,300,pothole,177,245,264,300
543.jpeg,300,300,pothole,104,207,190,300
543.jpeg,300,300,pothole,121,158,167,190
788.jpeg,300,300,pothole,46,148,184,276
788.jpeg,300,300,pothole,177,90,274,196
788.jpeg,300,300,pothole,78,32,187,106
788.jpeg,300,300,pothole,143,31,188,55
788.jpeg,300,300,pothole,123,6,159,19
788.jpeg,300,300,pothole,257,33,300,73
618.jpeg,300,300,pothole,56,138,284,293
51.jpeg,300,300,pothole,63,167,219,300
54.jpeg,300,300,pothole,96,56,239,208
709.jpeg,300,300,pothole,54,145,199,210
709.jpeg,300,300,pothole,61,218,174,295
709.jpeg,300,300,pothole,136,41,178,65
709.jpeg,300,300,pothole,64,31,111,59
509.jpeg,300,300,pothole,87,264,140,299
509.jpeg,300,300,pothole,112,206,202,279
509.jpeg,300,300,pothole,187,170,223,202
509.jpeg,300,300,pothole,190,127,225,148
217.jpeg,300,300,pothole,150,106,300,223
217.jpeg,300,300,pothole,22,156,90,192
217.jpeg,300,300,pothole,1,190,59,266
217.jpeg,300,300,pothole,146,230,193,264
217.jpeg,300,300,pothole,99,126,118,136
217.jpeg,300,300,pothole,65,123,84,133
349.jpeg,300,300,pothole,60,80,263,256
407.jpeg,300,300,pothole,108,157,232,213
550.jpeg,300,300,pothole,104,135,242,188
450.jpeg,300,300,pothole,110,93,187,150
450.jpeg,300,300,pothole,136,227,204,300
450.jpeg,300,300,pothole,165,27,183,44
246.jpeg,300,300,pothole,161,176,229,225
246.jpeg,300,300,pothole,74,193,142,247
246.jpeg,300,300,pothole,122,84,202,119
246.jpeg,300,300,pothole,164,122,199,136
371.jpeg,300,300,pothole,33,75,246,243
696.jpeg,300,300,pothole,55,161,219,300
105.jpeg,300,300,pothole,147,121,240,185
767.jpeg,300,300,pothole,1,133,300,299
356.jpeg,300,300,pothole,43,148,160,273
2.jpeg,300,300,pothole,31,121,291,296
69.jpeg,300,300,pothole,53,54,143,131
807.jpeg,300,300,pothole,1,46,269,300
161.jpeg,300,300,pothole,10,130,253,239
10.jpeg,300,300,pothole,1,178,278,300
583.jpeg,300,300,pothole,98,78,203,121
663.jpeg,300,300,pothole,35,182,127,212
663.jpeg,300,300,pothole,113,206,159,232
663.jpeg,300,300,pothole,21,231,80,259
663.jpeg,300,300,pothole,136,155,192,174
663.jpeg,300,300,pothole,178,140,211,153
663.jpeg,300,300,pothole,155,197,194,217
448.jpeg,300,300,pothole,71,193,278,264
66.jpeg,300,300,pothole,58,114,237,284
163.jpeg,300,300,pothole,67,189,271,265
680.jpeg,300,300,pothole,1,98,300,235
680.jpeg,300,300,pothole,1,216,93,300
241.jpeg,300,300,pothole,166,111,252,170
241.jpeg,300,300,pothole,83,96,160,159
241.jpeg,300,300,pothole,109,77,130,89
241.jpeg,300,300,pothole,64,197,105,275
545.jpeg,300,300,pothole,41,207,155,300
